,UPGMA,UPGMA_Double,UPGMA_Triple
0,0.061832427978515625,0.0578458309173584,0.06183600425720215
1,0.7779574394226074,0.6442766189575195,0.6233329772949219
2,23.63479518890381,18.001370668411255,16.038106679916382
